<?xml version="1.0" encoding="UTF-8"?>
<beans xmlns="http://www.springframework.org/schema/beans"
	xmlns:int="http://www.springframework.org/schema/integration" xmlns:xsi="http://www.w3.org/2001/XMLSchema-instance"
	xmlns:int-xml="http://www.springframework.org/schema/integration/xml"
	xsi:schemaLocation="http://www.springframework.org/schema/beans
            http://www.springframework.org/schema/beans/spring-beans.xsd
            http://www.springframework.org/schema/integration
            http://www.springframework.org/schema/integration/spring-integration.xsd
            http://www.springframework.org/schema/integration/xml
            http://www.springframework.org/schema/integration/xml/spring-integration-xml.xsd">


	<int:channel id="xmlNewses" />

	<int-xml:unmarshalling-transformer unmarshaller="newsRequestUnmarshaller"
		input-channel="xmlNewses" output-channel="news"/>

	<bean id="newsRequestUnmarshaller" class="com.example.integration.service.NewsRequestUnmarshaller" />

	<int-xml:marshalling-transformer marshaller="confirmationMarshaller"
		input-channel="confirmations" output-channel="xmlConfirmations"
		result-transformer="resultToStringTransformer"/>

	<bean id="confirmationMarshaller" class="com.example.integration.service.ConfirmationMarshaller"/>

	<bean id="resultToStringTransformer"
		  class="org.springframework.integration.xml.transformer.ResultToStringTransformer" />

	<int:channel id="xmlConfirmations">
		<int:queue capacity="10" />
	</int:channel>

</beans>
