<?xml version="1.0" encoding="UTF-8"?>
<beans xmlns="http://www.springframework.org/schema/beans"
       xmlns:int="http://www.springframework.org/schema/integration"
       xmlns:int-xml="http://www.springframework.org/schema/integration/xml"
       xmlns:xsi="http://www.w3.org/2001/XMLSchema-instance"
       xsi:schemaLocation="http://www.springframework.org/schema/beans
            http://www.springframework.org/schema/beans/spring-beans.xsd
            http://www.springframework.org/schema/integration
            http://www.springframework.org/schema/integration/spring-integration.xsd
            http://www.springframework.org/schema/integration/xml
            http://www.springframework.org/schema/integration/xml/spring-integration-xml.xsd">

    <!--<int:channel id="orders" />-->

    <!--<int:splitter ref="orderSplitter" input-channel="orders" output-channel="orderItems" />-->

    <!--<int:channel id="orderItems" />-->

    <!--<int:aggregator ref="itemAggregator" input-channel="orderItems" output-channel="deliveries" />-->

    <!--<int:channel id="deliveries" />-->

    <!--<int-xml:xpath-splitter input-channel="mixedXmlNewses" output-channel="xmlNewses">-->
        <!--<int-xml:xpath-expression expression="//news" />-->
    <!--</int-xml:xpath-splitter>-->

    <!--<int:aggregator release-strategy="releaseStrategyImpl" ... />-->

    <!--<int:aggregator release-strategy-expression="payload.size() gt 5" ... />-->

    <int:inbound-channel-adapter channel="in" expression="foo" >
        <int:poller fixed-rate="100"/>
    </int:inbound-channel-adapter>

    <int:channel id="in" >
        <int:dispatcher task-executor="someExecutor" />
    </int:channel>

    <int:logging-channel-adapter channel="in" expression="first" />

    <int:logging-channel-adapter channel="in" expression="second" />

    <!-- splits Node into Nodes and File into Strings -->
    <int-xml:xpath-splitter input-channel="messagesContainingOrders"
                            output-channel="orders"
                            create-documents="true" > <!-- nodes into documents -->
        <int-xml:xpath-expression expression="//order" />
    </int-xml:xpath-splitter>

    <int-xml:xpath-router input-channel="orders">
        <int-xml:xpath-expression expression="/order/@type" />
    </int-xml:xpath-router>

    <int:filter input-channel="orders" output-channel="typedOrders" ref="selector" />

    <int-xml:xpath-filter input-channel="orders" output-channel="typedOrders" >
        <int-xml:xpath-expression expression="boolean(/oder/@type)" />
    </int-xml:xpath-filter>

    <int-xml:xslt-transformer id="" input-channel=""

</beans>